<toolSet name="External Tools">
  <tool name="&#9;Enable ADB over TCP/IP" showInMainMenu="false" showInEditor="false" showInProject="false" showInSearchPopup="false" disabled="false" useConsole="true" showConsoleOnStdOut="false" showConsoleOnStdErr="false" synchronizeAfterRun="true">
    <exec>
      <option name="COMMAND" value="$USER_HOME$/Library/Android/sdk/platform-tools/adb" />
      <option name="PARAMETERS" value="tcpip 5555" />
      <option name="WORKING_DIRECTORY" value="$ProjectFileDir$" />
    </exec>
  </tool>
  <tool name="&#9;Connect to ADB over WiFi Direct" showInMainMenu="false" showInEditor="false" showInProject="false" showInSearchPopup="false" disabled="false" useConsole="true" showConsoleOnStdOut="false" showConsoleOnStdErr="false" synchronizeAfterRun="true">
    <exec>
      <option name="COMMAND" value="$USER_HOME$/Library/Android/sdk/platform-tools/adb" />
      <option name="PARAMETERS" value="connect 192.168.43.1" />
      <option name="WORKING_DIRECTORY" value="$ProjectFileDir$" />
    </exec>
  </tool>
  <tool name="&#9;Pull Log over ADB" description="View logs on telemetry/errors" showInMainMenu="false" showInEditor="false" showInProject="false" showInSearchPopup="false" disabled="true" useConsole="true" showConsoleOnStdOut="false" showConsoleOnStdErr="false" synchronizeAfterRun="true">
    <exec>
      <option name="COMMAND" value="adb logcat pull &quot;/storage/emulated/0/robotControllerLog.txt&quot; &quot;/Users/local/Desktop/RisingNinjas_UltimateGoal&quot;" />
      <option name="PARAMETERS" value="tcpip 5555" />
      <option name="WORKING_DIRECTORY" value="$ProjectFileDir$" />
    </exec>
  </tool>
</toolSet>